{
  "swagger": "2.0",
  "info": {
    "version": "1.0",
    "title": "LARAVEL SANCTUM API V1",
    "description": "This is a private  api",
    "contact": {}
  },
  "host": "localhost:8002",
  "basePath": "/api",
  "securityDefinitions": {},
  "schemes": [
    "http",
    "https"
  ],
  "consumes": [
    "application/json"
  ],
  "produces": [
    "application/json"
  ],
  "paths": {
    "/register": {
      "post": {
        "description": "Makes a post request to signup or register a new user and authenticate the given user once the registration is successful by providing the token",
        "summary": "Registration",
        "tags": [
          "All Endpoints"
        ],
        "operationId": "Localhost3000ApiV1AuthSignupPost",
        "deprecated": false,
        "produces": [
          "application/json"
        ],
        "consumes": [
          "application/x-www-form-urlencoded"
        ],
        "parameters": [
          {
            "name": "Content-Type",
            "in": "header",
            "required": true,
            "default": "application/x-www-form-urlencoded",
            "type": "string",
            "description": ""
          },
          {
            "name": "name",
            "in": "formData",
            "required": true,
            "type": "string",
            "description": ""
          },
          {
            "name": "email",
            "in": "formData",
            "required": true,
            "type": "string",
            "description": ""
          },
          {
            "name": "password",
            "in": "formData",
            "required": true,
            "type": "string",
            "format": "password",
            "description": ""
          },
          {
            "name": "password_confirmation",
            "in": "formData",
            "required": true,
            "type": "string",
            "format": "password",
            "description": ""
          }
        ],
        "responses": {
          "201": {
            "description": "",
            "headers": {}
          }
        }
      }
    },
    "/login": {
      "post": {
        "description": "Login the user",
        "summary": "Login",
        "tags": [
          "All Endpoints"
        ],
        "operationId": "SigninPost23-admin-shj",
        "deprecated": false,
        "produces": [
          "application/json"
        ],
        "consumes": [
          "application/x-www-form-urlencoded"
        ],
        "parameters": [
          {
            "name": "Content-Type",
            "in": "header",
            "required": true,
            "default": "application/x-www-form-urlencoded",
            "type": "string",
            "description": ""
          },
          {
            "name": "email",
            "in": "formData",
            "required": true,
            "type": "string",
            "description": ""
          },
           {
            "name": "email",
            "in": "formData",
            "required": true,
            "type": "string",
            "description": ""
          },
          {
            "name": "password",
            "in": "formData",
            "required": true,
            "type": "string",
            "format": "password",
            "description": ""
          }
        ],
        "responses": {
          "200": {
            "description": "",
            "headers": {}
          }
        }
      }
    },
    "/logout": {
      "post": {
        "description": "Logout the user",
        "summary": "Logout",
        "tags": [
          "All Endpoints"
        ],
        "operationId": "logout-admin-shj",
        "deprecated": false,
        "produces": [
          "application/json"
        ],
        "consumes": [
          "application/x-www-form-urlencoded"
        ],
        "parameters": [
          {
            "name": "Accept",
            "in": "header",
            "required": true,
            "default": "application/json",
            "type": "string",
            "description": ""
          },
          {
            "name": "Authorization",
            "in": "header",
            "required": true,
            "default": "Bearer ",
            "type": "string",
            "description": ""
          }
        ],
        "responses": {
          "200": {
            "description": "",
            "headers": {}
          }
        }
      }
    },
    "/products/": {
      "post": {
        "description": "Create Product",
        "summary": "Create Product",
        "tags": [
          "All Endpoints"
        ],
        "operationId": "createProducts",
        "deprecated": false,
        "produces": [
          "application/json"
        ],
        "consumes": [
          "application/x-www-form-urlencoded"
        ],
        "parameters": [
          {
            "name": "Content-Type",
            "in": "header",
            "required": true,
            "default": "application/x-www-form-urlencoded",
            "type": "string",
            "description": ""
          },
          {
            "name": "Authorization",
            "in": "header",
            "required": true,
            "default": "Bearer ",
            "type": "string",
            "description": ""
          },
          {
            "name": "name",
            "in": "formData",
            "required": true,
            "type": "string",
            "description": ""
          },
           {
            "name": "slug",
            "in": "formData",
            "required": true,
            "type": "string",
            "description": ""
          },
          {
            "name": "description",
            "in": "formData",
            "required": true,
            "type": "string",
            "description": ""
          },
          {
            "name": "prix",
            "in": "formData",
            "required": true,
            "type": "integer",
            "description": ""
          }
        ],
        "responses": {
          "200": {
            "description": "",
            "headers": {}
          }
        }
      }
    },
    "/products": {
      "get": {
        "description": "Get all products in db",
        "summary": "Products",
        "tags": [
          "All Endpoints"
        ],
        "operationId": "getProducts",
        "deprecated": false,
        "produces": [
          "application/json"
        ],
        "responses": {
          "200": {
            "description": "",
            "headers": {}
          }
        }
      }
    },
    "/products/{id}": {
      "get": {
        "description": "Get all products in db",
        "summary": "Products",
        "tags": [
          "All Endpoints"
        ],
        "operationId": "getSingleProduct",
        "deprecated": false,
        "produces": [
          "application/json"
        ],
        "parameters":[
          {
            "name": "id",
            "in": "path",
            "required": true,
            "default": "0",
            "type": "integer"
          }
        ],
        "responses": {
          "200": {
            "description": "",
            "headers": {}
          }
        }
      }
    },
    "/products/{id}/": {
      "delete": {
        "description": "Delete a product",
        "summary": "Delete product",
        "tags": [
          "All Endpoints"
        ],
        "operationId": "deleteProduct",
        "deprecated": false,
        "produces": [
          "application/json"
        ],
        "parameters":[
          {
            "name": "Authorization",
            "in": "header",
            "required": true,
            "default": "Bearer ",
            "type": "string",
            "description": ""
          },
          {
            "name": "id",
            "in": "path",
            "required": true,
            "default": "0",
            "type": "integer"
          }
        ],
        "responses": {
          "200": {
            "description": "",
            "headers": {}
          }
        }
      }
    }
  },
  "tags": [
    {
      "name": "All Endpoints",
      "description": "all endpoints return objects in JSON format"
    }
  ]
}